Nc,mdotc,eta,pi
37795.36225425644,0.7665422741945854,0.28069866194098353,1.1834421147284162
36575.72948149781,0.7765383999228322,0.16906725716140267,1.1573850535395256
50799.624279858064,0.7901992735104472,0.39359787453791517,1.356892577107608
60959.54913582968,0.8317672982210375,0.5041401520007224,1.5564001006756907
71119.4739918013,0.8751738598411152,0.5764686657999769,1.8403146534456538
74675.44769139135,0.9047039684066648,0.5585959476536184,1.9477417815207752
81279.3988477729,0.9543979071715213,0.6014772239092048,2.2316563342907387
90423.33121814736,0.983038665890421,0.6666198218852837,2.845525637577146
95503.29364613316,0.9816888199560712,0.6285458974163229,2.9452793993611874
