Nc,pi_t,eta,mdotc
21645.787777134785,1.2297091785550676,3.8896384120700813,1.0737023504148655
20756.790374476455,1.2158201290720072,4.93894202467641,1.113424458613661
29592.588257163956,1.4360916055610555,2.440970853240306,0.9281517745124914
36567.349759942525,1.5317081157928485,1.9083452751538896,0.8604327087635137
43259.79862464897,1.855998095378213,1.400670447249698,0.7134844363049327
45479.09270365115,1.901101086199404,1.2936689405017077,0.6928338314587165
48792.59552830363,2.0606077895455037,1.3007955634173767,0.6484843176907403
51180.80773423208,2.197733129599505,1.2492464061439326,0.6111754578894096
52707.46758221839,2.30398292115144,1.1219741292547136,0.5786061612606149
